total,comarca,poblacion
18262.269050802162,comarcaeste,meruelo-vertedero
18434.56550802139,comarcaeste,meruelo-vertedero
18606.86196524062,comarcaeste,meruelo-vertedero
18779.158422459906,comarcaeste,meruelo-vertedero
18951.454879679135,comarcaeste,meruelo-vertedero
19123.751336898422,comarcaeste,meruelo-vertedero
19296.04779411765,comarcaeste,meruelo-vertedero
19468.34425133688,comarcaeste,meruelo-vertedero
19640.640708556166,comarcaeste,meruelo-vertedero
19812.937165775395,comarcaeste,meruelo-vertedero
18163.177857142844,asonpasmiera,mirones
18121.858163265293,asonpasmiera,mirones
18080.538469387742,asonpasmiera,mirones
18039.21877551019,asonpasmiera,mirones
17997.89908163264,asonpasmiera,mirones
17956.57938775509,asonpasmiera,mirones
17915.25969387754,asonpasmiera,mirones
17873.939999999988,asonpasmiera,mirones
17832.620306122437,asonpasmiera,mirones
17791.300612244886,asonpasmiera,mirones
14774.055335968384,comarcaeste,treto
14886.604216073785,comarcaeste,treto
14999.153096179187,comarcaeste,treto
15111.701976284588,comarcaeste,treto
15224.25085638999,comarcaeste,treto
15336.799736495392,comarcaeste,treto
15449.348616600793,comarcaeste,treto
15561.897496706195,comarcaeste,treto
15674.446376811597,comarcaeste,treto
15786.995256916998,comarcaeste,treto
11670.927061310782,santandermetro,parayas-aeropuerto
11674.357293868921,santandermetro,parayas-aeropuerto
11677.787526427062,santandermetro,parayas-aeropuerto
11681.2177589852,santandermetro,parayas-aeropuerto
11684.647991543341,santandermetro,parayas-aeropuerto
11688.07822410148,santandermetro,parayas-aeropuerto
11691.50845665962,santandermetro,parayas-aeropuerto
11694.938689217759,santandermetro,parayas-aeropuerto
11698.368921775898,santandermetro,parayas-aeropuerto
11701.79915433404,santandermetro,parayas-aeropuerto
9340.156003752345,comarcaeste,laredo
9300.554690431527,comarcaeste,laredo
9260.953377110694,comarcaeste,laredo
9221.352063789876,comarcaeste,laredo
9181.750750469044,comarcaeste,laredo
9142.149437148226,comarcaeste,laredo
9102.548123827393,comarcaeste,laredo
9062.946810506575,comarcaeste,laredo
9023.345497185743,comarcaeste,laredo
8983.744183864925,comarcaeste,laredo
-5473.438735177857,pasypisuena,ontaneda g.c.
-5905.372529644286,pasypisuena,ontaneda g.c.
-6337.306324110716,pasypisuena,ontaneda g.c.
-6769.240118577145,pasypisuena,ontaneda g.c.
-7201.173913043574,pasypisuena,ontaneda g.c.
-7633.107707509887,pasypisuena,ontaneda g.c.
-8065.041501976317,pasypisuena,ontaneda g.c.
-8496.975296442746,pasypisuena,ontaneda g.c.
-8928.909090909176,pasypisuena,ontaneda g.c.
-9360.842885375489,pasypisuena,ontaneda g.c.
13253.21120507401,santanderurbano,el mercadillo de lierganes
13191.24171952081,santanderurbano,el mercadillo de lierganes
13129.272233967597,santanderurbano,el mercadillo de lierganes
13067.302748414397,santanderurbano,el mercadillo de lierganes
13005.333262861182,santanderurbano,el mercadillo de lierganes
12943.363777307983,santanderurbano,el mercadillo de lierganes
12881.394291754768,santanderurbano,el mercadillo de lierganes
12819.424806201569,santanderurbano,el mercadillo de lierganes
12757.455320648354,santanderurbano,el mercadillo de lierganes
12695.485835095154,santanderurbano,el mercadillo de lierganes
10198.81758241757,santanderurbano,hoz de anero - la aguera
10104.639560439566,santanderurbano,hoz de anero - la aguera
10010.461538461532,santanderurbano,hoz de anero - la aguera
9916.283516483498,santanderurbano,hoz de anero - la aguera
9822.105494505493,santanderurbano,hoz de anero - la aguera
9727.927472527459,santanderurbano,hoz de anero - la aguera
9633.749450549454,santanderurbano,hoz de anero - la aguera
9539.57142857142,santanderurbano,hoz de anero - la aguera
9445.393406593386,santanderurbano,hoz de anero - la aguera
9351.215384615381,santanderurbano,hoz de anero - la aguera
11176.639663846348,asonpasmiera,vega de pas g.c.
11033.848873770912,asonpasmiera,vega de pas g.c.
10891.058083695418,asonpasmiera,vega de pas g.c.
10748.267293619982,asonpasmiera,vega de pas g.c.
10605.476503544487,asonpasmiera,vega de pas g.c.
10462.68571346905,asonpasmiera,vega de pas g.c.
10319.894923393556,asonpasmiera,vega de pas g.c.
10177.10413331812,asonpasmiera,vega de pas g.c.
10034.313343242626,asonpasmiera,vega de pas g.c.
9891.52255316719,asonpasmiera,vega de pas g.c.
3850.5296442687977,vallenansa,celis
3628.6581027668435,vallenansa,celis
3406.786561264831,vallenansa,celis
3184.915019762877,vallenansa,celis
2963.0434782609227,vallenansa,celis
2741.1719367589103,vallenansa,celis
2519.300395256956,vallenansa,celis
2297.4288537549437,vallenansa,celis
2075.5573122529895,vallenansa,celis
1853.6857707510353,vallenansa,celis
19222.928722440352,liebana,tresviso
19250.83660525521,liebana,tresviso
19278.74448807007,liebana,tresviso
19306.652370884927,liebana,tresviso
19334.56025369979,liebana,tresviso
19362.468136514646,liebana,tresviso
19390.37601932951,liebana,tresviso
19418.283902144365,liebana,tresviso
19446.19178495923,liebana,tresviso
19474.099667774084,liebana,tresviso
5284.055384615436,santandermetro,santander-centro
5106.082393162418,santandermetro,santander-centro
4928.109401709458,santandermetro,santander-centro
4750.13641025644,santandermetro,santander-centro
4572.16341880348,santandermetro,santander-centro
4394.190427350462,santandermetro,santander-centro
4216.217435897503,santandermetro,santander-centro
4038.2444444444845,santandermetro,santander-centro
3860.2714529915247,santandermetro,santander-centro
3682.2984615385067,santandermetro,santander-centro
13243.425429478055,santandermetro,santander-ojaiz
13304.939708939695,santandermetro,santander-ojaiz
13366.45398840135,santandermetro,santander-ojaiz
13427.96826786299,santandermetro,santander-ojaiz
13489.482547324646,santandermetro,santander-ojaiz
13550.996826786286,santandermetro,santander-ojaiz
13612.511106247941,santandermetro,santander-ojaiz
13674.025385709581,santandermetro,santander-ojaiz
13735.539665171236,santandermetro,santander-ojaiz
13797.053944632877,santandermetro,santander-ojaiz
11249.940711462463,santanderurbano,castaneda
11160.944664031616,santanderurbano,castaneda
11071.9486166008,santanderurbano,castaneda
10982.952569169953,santanderurbano,castaneda
10893.956521739135,santanderurbano,castaneda
10804.96047430829,santanderurbano,castaneda
10715.964426877472,santanderurbano,castaneda
10626.968379446625,santanderurbano,castaneda
10537.972332015808,santanderurbano,castaneda
10448.976284584991,santanderurbano,castaneda
21018.14285714284,santanderurbano,lierganes-la ranada
21465.0,santanderurbano,lierganes-la ranada
21911.85714285716,santanderurbano,lierganes-la ranada
22358.71428571432,santanderurbano,lierganes-la ranada
22805.57142857148,santanderurbano,lierganes-la ranada
23252.428571428638,santanderurbano,lierganes-la ranada
23699.285714285797,santanderurbano,lierganes-la ranada
24146.14285714284,santanderurbano,lierganes-la ranada
24593.0,santanderurbano,lierganes-la ranada
25039.85714285716,santanderurbano,lierganes-la ranada
13632.299999999814,santanderurbano,puente viesgo-naturea
13000.199999999953,santanderurbano,puente viesgo-naturea
12368.09999999986,santanderurbano,puente viesgo-naturea
11736.0,santanderurbano,puente viesgo-naturea
11103.899999999907,santanderurbano,puente viesgo-naturea
10471.799999999814,santanderurbano,puente viesgo-naturea
9839.699999999953,santanderurbano,puente viesgo-naturea
9207.59999999986,santanderurbano,puente viesgo-naturea
8575.5,santanderurbano,puente viesgo-naturea
7943.399999999907,santanderurbano,puente viesgo-naturea
3093.5315789473825,liebana,enterrias
2932.5192982456065,liebana,enterrias
2771.5070175438887,liebana,enterrias
2610.4947368421126,liebana,enterrias
2449.482456140395,liebana,enterrias
2288.4701754386188,liebana,enterrias
2127.4578947368427,liebana,enterrias
1966.445614035125,liebana,enterrias
1805.4333333333489,liebana,enterrias
1644.4210526315728,liebana,enterrias
12571.875,liebana,pido
12635.625,liebana,pido
12699.375,liebana,pido
12763.125,liebana,pido
12826.875,liebana,pido
12890.625,liebana,pido
12954.375,liebana,pido
13018.125,liebana,pido
13081.875,liebana,pido
13145.625,liebana,pido
16968.469301215082,santanderurbano,cecenas
17137.356733064866,santanderurbano,cecenas
17306.24416491465,santanderurbano,cecenas
17475.131596764375,santanderurbano,cecenas
17644.01902861416,santanderurbano,cecenas
17812.906460463942,santanderurbano,cecenas
17981.793892313668,santanderurbano,cecenas
18150.68132416345,santanderurbano,cecenas
18319.568756013236,santanderurbano,cecenas
18488.45618786296,santanderurbano,cecenas
15325.440816326503,santanderurbano,solares
15433.497959183645,santanderurbano,solares
15541.555102040787,santanderurbano,solares
15649.61224489793,santanderurbano,solares
15757.669387755072,santanderurbano,solares
15865.726530612214,santanderurbano,solares
15973.783673469385,santanderurbano,solares
16081.840816326527,santanderurbano,solares
16189.897959183669,santanderurbano,solares
16297.95510204081,santanderurbano,solares
9507.700000000186,torrelavega,san vicente-naturea
8929.300000000047,torrelavega,san vicente-naturea
8350.90000000014,torrelavega,san vicente-naturea
7772.5,torrelavega,san vicente-naturea
7194.100000000093,torrelavega,san vicente-naturea
6615.700000000186,torrelavega,san vicente-naturea
6037.300000000047,torrelavega,san vicente-naturea
5458.90000000014,torrelavega,san vicente-naturea
4880.5,torrelavega,san vicente-naturea
4302.100000000093,torrelavega,san vicente-naturea
12158.622441809395,vallenansa,rozadio
12178.876855511637,vallenansa,rozadio
12199.131269213878,vallenansa,rozadio
12219.38568291612,vallenansa,rozadio
12239.640096618361,vallenansa,rozadio
12259.894510320595,vallenansa,rozadio
12280.148924022837,vallenansa,rozadio
12300.403337725078,vallenansa,rozadio
12320.65775142732,vallenansa,rozadio
12340.912165129554,vallenansa,rozadio
3120.611925003759,torrelavega,torrelavega-sniace
2885.398796872585,torrelavega,torrelavega-sniace
2650.185668741411,torrelavega,torrelavega-sniace
2414.9725406102953,torrelavega,torrelavega-sniace
2179.7594124791212,torrelavega,torrelavega-sniace
1944.5462843479472,torrelavega,torrelavega-sniace
1709.3331562167732,torrelavega,torrelavega-sniace
1474.1200280855992,torrelavega,torrelavega-sniace
1238.9068999544252,torrelavega,torrelavega-sniace
1003.6937718232512,torrelavega,torrelavega-sniace
5568.126362625102,santanderurbano,santa maria de cayon g.c.
5326.264071190148,santanderurbano,santa maria de cayon g.c.
5084.4017797552515,santanderurbano,santa maria de cayon g.c.
4842.539488320297,santanderurbano,santa maria de cayon g.c.
4600.677196885401,santanderurbano,santa maria de cayon g.c.
4358.8149054504465,santanderurbano,santa maria de cayon g.c.
4116.95261401555,santanderurbano,santa maria de cayon g.c.
3875.090322580596,santanderurbano,santa maria de cayon g.c.
3633.2280311457,santanderurbano,santa maria de cayon g.c.
3391.3657397107454,santanderurbano,santa maria de cayon g.c.
8662.51796593587,pasypisuena,san martin de villafufre
8490.696146662522,pasypisuena,san martin de villafufre
8318.874327389174,pasypisuena,san martin de villafufre
8147.052508115827,pasypisuena,san martin de villafufre
7975.230688842479,pasypisuena,san martin de villafufre
7803.408869569073,pasypisuena,san martin de villafufre
7631.587050295726,pasypisuena,san martin de villafufre
7459.765231022378,pasypisuena,san martin de villafufre
7287.943411749031,pasypisuena,san martin de villafufre
7116.121592475683,pasypisuena,san martin de villafufre
15462.823645320197,comarcaeste,bareyo
15554.003940886672,comarcaeste,bareyo
15645.184236453177,comarcaeste,bareyo
15736.364532019681,comarcaeste,bareyo
15827.544827586185,comarcaeste,bareyo
15918.72512315269,comarcaeste,bareyo
16009.905418719194,comarcaeste,bareyo
16101.085714285698,comarcaeste,bareyo
16192.266009852203,comarcaeste,bareyo
16283.446305418707,comarcaeste,bareyo
-7850.7979710145155,vallenansa,polaciones-la laguna
-8365.14623188402,vallenansa,polaciones-la laguna
-8879.494492753642,vallenansa,polaciones-la laguna
-9393.842753623147,vallenansa,polaciones-la laguna
-9908.191014492768,vallenansa,polaciones-la laguna
-10422.539275362273,vallenansa,polaciones-la laguna
-10936.887536231894,vallenansa,polaciones-la laguna
-11451.235797101399,vallenansa,polaciones-la laguna
-11965.58405797102,vallenansa,polaciones-la laguna
-12479.932318840525,vallenansa,polaciones-la laguna
4571.46707317073,comarcaeste,onton
4442.49221388367,comarcaeste,onton
4313.517354596639,comarcaeste,onton
4184.542495309579,comarcaeste,onton
4055.567636022519,comarcaeste,onton
3926.5927767354588,comarcaeste,onton
3797.6179174483987,comarcaeste,onton
3668.6430581613677,comarcaeste,onton
3539.6681988743076,comarcaeste,onton
3410.6933395872475,comarcaeste,onton
3191.8191304348293,vallenansa,camijanes
2956.7069565217826,vallenansa,camijanes
2721.594782608736,vallenansa,camijanes
2486.482608695689,vallenansa,camijanes
2251.3704347826424,vallenansa,camijanes
2016.2582608695957,vallenansa,camijanes
1781.146086956549,vallenansa,camijanes
1546.0339130435023,vallenansa,camijanes
1310.9217391304555,vallenansa,camijanes
1075.8095652174088,vallenansa,camijanes
11474.829051691835,torrelavega,cuevas de altamira
11437.926286053174,torrelavega,cuevas de altamira
11401.023520414528,torrelavega,cuevas de altamira
11364.120754775868,torrelavega,cuevas de altamira
11327.217989137207,torrelavega,cuevas de altamira
11290.315223498561,torrelavega,cuevas de altamira
11253.4124578599,torrelavega,cuevas de altamira
11216.50969222124,torrelavega,cuevas de altamira
11179.606926582579,torrelavega,cuevas de altamira
11142.704160943933,torrelavega,cuevas de altamira
6520.566951566958,vallebesaysaja,los corrales de buelna
6383.096866096836,vallebesaysaja,los corrales de buelna
6245.6267806267715,vallebesaysaja,los corrales de buelna
6108.156695156707,vallebesaysaja,los corrales de buelna
5970.686609686585,vallebesaysaja,los corrales de buelna
5833.216524216521,vallebesaysaja,los corrales de buelna
5695.746438746457,vallebesaysaja,los corrales de buelna
5558.276353276335,vallebesaysaja,los corrales de buelna
5420.806267806271,vallebesaysaja,los corrales de buelna
5283.336182336207,vallebesaysaja,los corrales de buelna
7731.296536796552,santanderurbano,viono g.c.
7613.27705627706,santanderurbano,viono g.c.
7495.257575757598,santanderurbano,viono g.c.
7377.238095238106,santanderurbano,viono g.c.
7259.218614718615,santanderurbano,viono g.c.
7141.1991341991525,santanderurbano,viono g.c.
7023.179653679661,santanderurbano,viono g.c.
6905.160173160199,santanderurbano,viono g.c.
6787.140692640707,santanderurbano,viono g.c.
6669.121212121216,santanderurbano,viono g.c.
-4471.939275362296,vallenansa,la lastra - pena de bejo
-4831.015797101427,vallenansa,la lastra - pena de bejo
-5190.092318840558,vallenansa,la lastra - pena de bejo
-5549.168840579689,vallenansa,la lastra - pena de bejo
-5908.245362318819,vallenansa,la lastra - pena de bejo
-6267.32188405795,vallenansa,la lastra - pena de bejo
-6626.398405797081,vallenansa,la lastra - pena de bejo
-6985.474927536212,vallenansa,la lastra - pena de bejo
-7344.551449275343,vallenansa,la lastra - pena de bejo
-7703.627971014474,vallenansa,la lastra - pena de bejo
18272.57258064518,vallebesaysaja,ruente
18389.342741935485,vallebesaysaja,ruente
18506.112903225818,vallebesaysaja,ruente
18622.88306451615,vallebesaysaja,ruente
18739.653225806454,vallebesaysaja,ruente
18856.423387096787,vallebesaysaja,ruente
18973.19354838709,vallebesaysaja,ruente
19089.963709677424,vallebesaysaja,ruente
19206.733870967757,vallebesaysaja,ruente
19323.50403225806,vallebesaysaja,ruente
15266.241935483878,vallebesaysaja,teran
15382.298387096758,vallebesaysaja,teran
15498.354838709667,vallebesaysaja,teran
15614.411290322576,vallebesaysaja,teran
15730.467741935485,vallebesaysaja,teran
15846.524193548394,vallebesaysaja,teran
15962.580645161273,vallebesaysaja,teran
16078.637096774182,vallebesaysaja,teran
16194.693548387091,vallebesaysaja,teran
16310.75,vallebesaysaja,teran
17310.401527883863,comarcaeste,udalla
17442.195874713507,comarcaeste,udalla
17573.99022154315,comarcaeste,udalla
17705.784568372794,comarcaeste,udalla
17837.578915202437,comarcaeste,udalla
17969.37326203208,comarcaeste,udalla
18101.167608861724,comarcaeste,udalla
18232.961955691368,comarcaeste,udalla
18364.75630252101,comarcaeste,udalla
18496.550649350655,comarcaeste,udalla
15799.7818181818,santanderurbano,zurita
16044.072727272694,santanderurbano,zurita
16288.363636363589,santanderurbano,zurita
16532.65454545454,santanderurbano,zurita
16776.945454545435,santanderurbano,zurita
17021.23636363633,santanderurbano,zurita
17265.527272727224,santanderurbano,zurita
17509.818181818177,santanderurbano,zurita
17754.10909090907,santanderurbano,zurita
17998.399999999965,santanderurbano,zurita
12829.184388961905,comarcaeste,santona-penal
12922.723206307506,comarcaeste,santona-penal
13016.262023653107,comarcaeste,santona-penal
13109.80084099868,comarcaeste,santona-penal
13203.33965834428,comarcaeste,santona-penal
13296.878475689882,comarcaeste,santona-penal
13390.417293035483,comarcaeste,santona-penal
13483.956110381085,comarcaeste,santona-penal
13577.494927726686,comarcaeste,santona-penal
13671.033745072287,comarcaeste,santona-penal
6904.50209675575,vallebesaysaja,molledo de portolin
6815.182961000362,vallebesaysaja,molledo de portolin
6725.8638252449455,vallebesaysaja,molledo de portolin
6636.544689489558,vallebesaysaja,molledo de portolin
6547.225553734141,vallebesaysaja,molledo de portolin
6457.906417978724,vallebesaysaja,molledo de portolin
6368.587282223336,vallebesaysaja,molledo de portolin
6279.268146467919,vallebesaysaja,molledo de portolin
6189.949010712531,vallebesaysaja,molledo de portolin
6100.629874957114,vallebesaysaja,molledo de portolin
6631.350045248866,liebana,tama
6614.900361990949,liebana,tama
6598.450678733032,liebana,tama
6582.000995475108,liebana,tama
6565.551312217191,liebana,tama
6549.1016289592735,liebana,tama
6532.651945701356,liebana,tama
6516.202262443432,liebana,tama
6499.752579185515,liebana,tama
6483.302895927598,liebana,tama
9966.0,liebana,caseton de andara
9966.0,liebana,caseton de andara
9966.0,liebana,caseton de andara
9966.0,liebana,caseton de andara
9966.0,liebana,caseton de andara
9966.0,liebana,caseton de andara
9966.0,liebana,caseton de andara
9966.0,liebana,caseton de andara
9966.0,liebana,caseton de andara
9966.0,liebana,caseton de andara
36102.0,vallebesaysaja,saja-naturea
42794.0,vallebesaysaja,saja-naturea
49486.0,vallebesaysaja,saja-naturea
56178.0,vallebesaysaja,saja-naturea
62870.0,vallebesaysaja,saja-naturea
69562.0,vallebesaysaja,saja-naturea
76254.0,vallebesaysaja,saja-naturea
82946.0,vallebesaysaja,saja-naturea
89638.0,vallebesaysaja,saja-naturea
96330.0,vallebesaysaja,saja-naturea
6383.0,comarcaeste,castro urdiales-edar
5019.0,comarcaeste,castro urdiales-edar
3655.0,comarcaeste,castro urdiales-edar
2291.0,comarcaeste,castro urdiales-edar
927.0,comarcaeste,castro urdiales-edar
-437.0,comarcaeste,castro urdiales-edar
-1801.0,comarcaeste,castro urdiales-edar
-3165.0,comarcaeste,castro urdiales-edar
-4529.0,comarcaeste,castro urdiales-edar
-5893.0,comarcaeste,castro urdiales-edar
9400.23585115865,comarcaeste,coterillo de ampuero
9277.74821746882,comarcaeste,coterillo de ampuero
9155.260583778989,comarcaeste,coterillo de ampuero
9032.772950089158,comarcaeste,coterillo de ampuero
8910.285316399299,comarcaeste,coterillo de ampuero
8787.797682709468,comarcaeste,coterillo de ampuero
8665.310049019638,comarcaeste,coterillo de ampuero
8542.822415329778,comarcaeste,coterillo de ampuero
8420.334781639947,comarcaeste,coterillo de ampuero
8297.847147950117,comarcaeste,coterillo de ampuero
9372.800000000047,liebana,collado las llaves-penarrubia
8998.20000000007,liebana,collado las llaves-penarrubia
8623.599999999977,liebana,collado las llaves-penarrubia
8249.0,liebana,collado las llaves-penarrubia
7874.400000000023,liebana,collado las llaves-penarrubia
7499.800000000047,liebana,collado las llaves-penarrubia
7125.20000000007,liebana,collado las llaves-penarrubia
6750.599999999977,liebana,collado las llaves-penarrubia
6376.0,liebana,collado las llaves-penarrubia
6001.400000000023,liebana,collado las llaves-penarrubia
8419.343970415357,torrelavega,viernoles
8348.886265673966,torrelavega,viernoles
8278.428560932603,torrelavega,viernoles
8207.970856191212,torrelavega,viernoles
8137.51315144985,torrelavega,viernoles
8067.0554467084585,torrelavega,viernoles
7996.597741967096,torrelavega,viernoles
7926.140037225705,torrelavega,viernoles
7855.6823324843135,torrelavega,viernoles
7785.224627742951,torrelavega,viernoles
8166.0490664350855,liebana,valdeprado-pesaguero
8158.456578376032,liebana,valdeprado-pesaguero
8150.864090316978,liebana,valdeprado-pesaguero
8143.271602257924,liebana,valdeprado-pesaguero
8135.679114198872,liebana,valdeprado-pesaguero
8128.086626139819,liebana,valdeprado-pesaguero
8120.494138080765,liebana,valdeprado-pesaguero
8112.901650021711,liebana,valdeprado-pesaguero
8105.3091619626575,liebana,valdeprado-pesaguero
8097.716673903604,liebana,valdeprado-pesaguero
12463.423280423274,pasypisuena,escobedo de villafufre
12412.497761497754,pasypisuena,escobedo de villafufre
12361.572242572234,pasypisuena,escobedo de villafufre
12310.646723646714,pasypisuena,escobedo de villafufre
12259.721204721194,pasypisuena,escobedo de villafufre
12208.795685795689,pasypisuena,escobedo de villafufre
12157.870166870169,pasypisuena,escobedo de villafufre
12106.944647944649,pasypisuena,escobedo de villafufre
12056.019129019129,pasypisuena,escobedo de villafufre
12005.093610093609,pasypisuena,escobedo de villafufre
5668.750427350402,pasypisuena,san martin de toranzo
5461.056410256366,pasypisuena,san martin de toranzo
5253.362393162388,pasypisuena,san martin de toranzo
5045.668376068352,pasypisuena,san martin de toranzo
4837.974358974316,pasypisuena,san martin de toranzo
4630.280341880338,pasypisuena,san martin de toranzo
4422.586324786302,pasypisuena,san martin de toranzo
4214.892307692266,pasypisuena,san martin de toranzo
4007.1982905982877,pasypisuena,san martin de toranzo
3799.5042735042516,pasypisuena,san martin de toranzo
13074.039560439567,vallebesaysaja,barcena mayor-toriz
13109.50989010989,vallebesaysaja,barcena mayor-toriz
13144.980219780227,vallebesaysaja,barcena mayor-toriz
13180.45054945055,vallebesaysaja,barcena mayor-toriz
13215.920879120888,vallebesaysaja,barcena mayor-toriz
13251.39120879121,vallebesaysaja,barcena mayor-toriz
13286.861538461548,vallebesaysaja,barcena mayor-toriz
13322.33186813187,vallebesaysaja,barcena mayor-toriz
13357.802197802193,vallebesaysaja,barcena mayor-toriz
13393.27252747253,vallebesaysaja,barcena mayor-toriz
16304.286764705903,santanderurbano,villaverde de pontones-clarisas
16479.676470588252,santanderurbano,villaverde de pontones-clarisas
16655.066176470602,santanderurbano,villaverde de pontones-clarisas
16830.45588235295,santanderurbano,villaverde de pontones-clarisas
17005.8455882353,santanderurbano,villaverde de pontones-clarisas
17181.23529411765,santanderurbano,villaverde de pontones-clarisas
17356.625,santanderurbano,villaverde de pontones-clarisas
17532.01470588235,santanderurbano,villaverde de pontones-clarisas
17707.4044117647,santanderurbano,villaverde de pontones-clarisas
17882.79411764705,santanderurbano,villaverde de pontones-clarisas
20215.21018062398,asonpasmiera,arredondo
20411.9740010947,asonpasmiera,arredondo
20608.737821565417,asonpasmiera,arredondo
20805.501642036135,asonpasmiera,arredondo
21002.265462506854,asonpasmiera,arredondo
21199.02928297757,asonpasmiera,arredondo
21395.79310344829,asonpasmiera,arredondo
21592.556923919008,asonpasmiera,arredondo
21789.320744389726,asonpasmiera,arredondo
21986.084564860445,asonpasmiera,arredondo
7185.375824175819,liebana,potes-la trescora
7234.843956043944,liebana,potes-la trescora
7284.312087912083,liebana,potes-la trescora
7333.780219780208,liebana,potes-la trescora
7383.248351648348,liebana,potes-la trescora
7432.716483516473,liebana,potes-la trescora
7482.184615384613,liebana,potes-la trescora
7531.652747252738,liebana,potes-la trescora
7581.120879120863,liebana,potes-la trescora
7630.589010989002,liebana,potes-la trescora
12058.39870490287,santandermetro,el tojo - revilla
12077.118871415358,santandermetro,el tojo - revilla
12095.839037927846,santandermetro,el tojo - revilla
12114.559204440335,santandermetro,el tojo - revilla
12133.279370952823,santandermetro,el tojo - revilla
12151.999537465312,santandermetro,el tojo - revilla
12170.7197039778,santandermetro,el tojo - revilla
12189.439870490289,santandermetro,el tojo - revilla
12208.160037002777,santandermetro,el tojo - revilla
12226.880203515266,santandermetro,el tojo - revilla
13227.782988833453,vallebesaysaja,cabezon de la sal-la plata
13212.481919695889,vallebesaysaja,cabezon de la sal-la plata
13197.180850558329,vallebesaysaja,cabezon de la sal-la plata
13181.879781420765,vallebesaysaja,cabezon de la sal-la plata
13166.5787122832,vallebesaysaja,cabezon de la sal-la plata
13151.27764314564,vallebesaysaja,cabezon de la sal-la plata
13135.976574008077,vallebesaysaja,cabezon de la sal-la plata
13120.675504870516,vallebesaysaja,cabezon de la sal-la plata
13105.374435732952,vallebesaysaja,cabezon de la sal-la plata
13090.073366595392,vallebesaysaja,cabezon de la sal-la plata
16442.810300586512,torrelavega,novales
16638.505315249262,torrelavega,novales
16834.20032991201,torrelavega,novales
17029.89534457476,torrelavega,novales
17225.59035923757,torrelavega,novales
17421.28537390032,torrelavega,novales
17616.980388563068,torrelavega,novales
17812.675403225818,torrelavega,novales
18008.370417888567,torrelavega,novales
18204.065432551317,torrelavega,novales
23810.661764705903,asonpasmiera,soba-alto miera
23884.00294117647,asonpasmiera,soba-alto miera
23957.344117647066,asonpasmiera,soba-alto miera
24030.685294117662,asonpasmiera,soba-alto miera
24104.02647058823,asonpasmiera,soba-alto miera
24177.367647058825,asonpasmiera,soba-alto miera
24250.70882352942,asonpasmiera,soba-alto miera
24324.050000000017,asonpasmiera,soba-alto miera
24397.391176470584,asonpasmiera,soba-alto miera
24470.73235294118,asonpasmiera,soba-alto miera
16124.600000000035,vallebesaysaja,cos
16317.0,vallebesaysaja,cos
16509.400000000023,vallebesaysaja,cos
16701.79999999999,vallebesaysaja,cos
16894.20000000001,vallebesaysaja,cos
17086.600000000035,vallebesaysaja,cos
17279.0,vallebesaysaja,cos
17471.400000000023,vallebesaysaja,cos
17663.79999999999,vallebesaysaja,cos
17856.20000000001,vallebesaysaja,cos
13778.095238095251,vallebesaysaja,san felices de buelna-tarriba
13833.809523809541,vallebesaysaja,san felices de buelna-tarriba
13889.523809523816,vallebesaysaja,san felices de buelna-tarriba
13945.238095238106,vallebesaysaja,san felices de buelna-tarriba
14000.952380952396,vallebesaysaja,san felices de buelna-tarriba
14056.666666666672,vallebesaysaja,san felices de buelna-tarriba
14112.380952380961,vallebesaysaja,san felices de buelna-tarriba
14168.095238095251,vallebesaysaja,san felices de buelna-tarriba
14223.809523809541,vallebesaysaja,san felices de buelna-tarriba
14279.523809523816,vallebesaysaja,san felices de buelna-tarriba
13887.0,torrelavega,"san vicente, faro"
14502.0,torrelavega,"san vicente, faro"
15117.0,torrelavega,"san vicente, faro"
15732.0,torrelavega,"san vicente, faro"
16347.0,torrelavega,"san vicente, faro"
16962.0,torrelavega,"san vicente, faro"
17577.0,torrelavega,"san vicente, faro"
18192.0,torrelavega,"san vicente, faro"
18807.0,torrelavega,"san vicente, faro"
19422.0,torrelavega,"san vicente, faro"
-2964.5075362318894,vallenansa,embalse de la cohilla
-3330.449710144894,vallenansa,embalse de la cohilla
-3696.3918840580154,vallenansa,embalse de la cohilla
-4062.3340579710202,vallenansa,embalse de la cohilla
-4428.276231884025,vallenansa,embalse de la cohilla
-4794.218405797146,vallenansa,embalse de la cohilla
-5160.160579710151,vallenansa,embalse de la cohilla
-5526.102753623156,vallenansa,embalse de la cohilla
-5892.044927536277,vallenansa,embalse de la cohilla
-6257.987101449282,vallenansa,embalse de la cohilla
17065.28665329769,pasypisuena,villacarriedo
17180.67335115865,pasypisuena,villacarriedo
17296.06004901961,pasypisuena,villacarriedo
17411.446746880567,pasypisuena,villacarriedo
17526.833444741525,pasypisuena,villacarriedo
17642.220142602484,pasypisuena,villacarriedo
17757.60684046347,pasypisuena,villacarriedo
17872.99353832443,pasypisuena,villacarriedo
17988.38023618539,pasypisuena,villacarriedo
18103.766934046347,pasypisuena,villacarriedo
3194.6666666665114,liebana,pesaguero-naturea
2079.6666666665114,liebana,pesaguero-naturea
964.6666666665114,liebana,pesaguero-naturea
-150.33333333348855,liebana,pesaguero-naturea
-1265.3333333334886,liebana,pesaguero-naturea
-2380.3333333334886,liebana,pesaguero-naturea
-3495.3333333334886,liebana,pesaguero-naturea
-4610.333333333489,liebana,pesaguero-naturea
-5725.333333333489,liebana,pesaguero-naturea
-6840.333333333489,liebana,pesaguero-naturea
8126.606593406585,torrelavega,golbardo
7937.764835164824,torrelavega,golbardo
7748.9230769230635,torrelavega,golbardo
7560.081318681303,torrelavega,golbardo
7371.239560439542,torrelavega,golbardo
7182.397802197782,torrelavega,golbardo
6993.556043956021,torrelavega,golbardo
6804.714285714261,torrelavega,golbardo
6615.8725274725,torrelavega,golbardo
6427.03076923074,torrelavega,golbardo
11853.312030075118,asonpasmiera,la concha san roque riomiera
11578.173684210517,asonpasmiera,la concha san roque riomiera
11303.035338345799,asonpasmiera,la concha san roque riomiera
11027.896992481197,asonpasmiera,la concha san roque riomiera
10752.75864661648,asonpasmiera,la concha san roque riomiera
10477.620300751878,asonpasmiera,la concha san roque riomiera
10202.48195488716,asonpasmiera,la concha san roque riomiera
9927.343609022559,asonpasmiera,la concha san roque riomiera
9652.20526315784,asonpasmiera,la concha san roque riomiera
9377.06691729324,asonpasmiera,la concha san roque riomiera
15024.89460784314,liebana,pineres
15036.382352941178,liebana,pineres
15047.870098039217,liebana,pineres
15059.357843137255,liebana,pineres
15070.845588235297,liebana,pineres
15082.333333333336,liebana,pineres
15093.821078431374,liebana,pineres
15105.308823529413,liebana,pineres
15116.796568627451,liebana,pineres
15128.284313725493,liebana,pineres
12734.0,santandermetro,santander aeropuerto
12666.0,santandermetro,santander aeropuerto
12598.0,santandermetro,santander aeropuerto
12530.0,santandermetro,santander aeropuerto
12462.0,santandermetro,santander aeropuerto
12394.0,santandermetro,santander aeropuerto
12326.0,santandermetro,santander aeropuerto
12258.0,santandermetro,santander aeropuerto
12190.0,santandermetro,santander aeropuerto
12122.0,santandermetro,santander aeropuerto
29415.0,asonpasmiera,rocias
31935.0,asonpasmiera,rocias
34455.0,asonpasmiera,rocias
36975.0,asonpasmiera,rocias
39495.0,asonpasmiera,rocias
42015.0,asonpasmiera,rocias
44535.0,asonpasmiera,rocias
47055.0,asonpasmiera,rocias
49575.0,asonpasmiera,rocias
52095.0,asonpasmiera,rocias
14041.218181818142,santandermetro,"santander,cmt"
14428.127272727317,santandermetro,"santander,cmt"
14815.036363636376,santandermetro,"santander,cmt"
15201.945454545435,santandermetro,"santander,cmt"
15588.854545454611,santandermetro,"santander,cmt"
15975.76363636367,santandermetro,"santander,cmt"
16362.67272727273,santandermetro,"santander,cmt"
16749.58181818179,santandermetro,"santander,cmt"
17136.490909090964,santandermetro,"santander,cmt"
17523.400000000023,santandermetro,"santander,cmt"
13186.346647123457,santandermetro,santander-cmt
13365.65555148403,santandermetro,santander-cmt
13544.964455844602,santandermetro,santander-cmt
13724.273360205174,santandermetro,santander-cmt
13903.582264565746,santandermetro,santander-cmt
14082.891168926319,santandermetro,santander-cmt
14262.200073286891,santandermetro,santander-cmt
14441.508977647463,santandermetro,santander-cmt
14620.817882008036,santandermetro,santander-cmt
14800.126786368608,santandermetro,santander-cmt
11181.17205882353,torrelavega,reocin
11188.70588235294,torrelavega,reocin
11196.239705882354,torrelavega,reocin
11203.773529411765,torrelavega,reocin
11211.307352941176,torrelavega,reocin
11218.841176470589,torrelavega,reocin
11226.375,torrelavega,reocin
11233.908823529411,torrelavega,reocin
11241.442647058824,torrelavega,reocin
11248.976470588235,torrelavega,reocin
17100.599999999977,torrelavega,trasierra
17616.800000000047,torrelavega,trasierra
18133.0,torrelavega,trasierra
18649.20000000007,torrelavega,trasierra
19165.400000000023,torrelavega,trasierra
19681.599999999977,torrelavega,trasierra
20197.800000000047,torrelavega,trasierra
20714.0,torrelavega,trasierra
21230.20000000007,torrelavega,trasierra
21746.400000000023,torrelavega,trasierra
15299.771428571428,pasypisuena,villacarriedo-santibanez
15307.457142857142,pasypisuena,villacarriedo-santibanez
15315.142857142857,pasypisuena,villacarriedo-santibanez
15322.82857142857,pasypisuena,villacarriedo-santibanez
15330.514285714286,pasypisuena,villacarriedo-santibanez
15338.199999999999,pasypisuena,villacarriedo-santibanez
15345.885714285714,pasypisuena,villacarriedo-santibanez
15353.571428571428,pasypisuena,villacarriedo-santibanez
15361.257142857141,pasypisuena,villacarriedo-santibanez
15368.942857142856,pasypisuena,villacarriedo-santibanez
41458.68571428582,asonpasmiera,soba-saco
42878.62857142836,asonpasmiera,soba-saco
44298.57142857136,asonpasmiera,soba-saco
45718.514285714366,asonpasmiera,soba-saco
47138.4571428569,asonpasmiera,soba-saco
48558.39999999991,asonpasmiera,soba-saco
49978.34285714291,asonpasmiera,soba-saco
51398.28571428545,asonpasmiera,soba-saco
52818.22857142845,asonpasmiera,soba-saco
54238.171428571455,asonpasmiera,soba-saco
11698.0,torrelavega,cobreces-el tocial
11127.0,torrelavega,cobreces-el tocial
10556.0,torrelavega,cobreces-el tocial
9985.0,torrelavega,cobreces-el tocial
9414.0,torrelavega,cobreces-el tocial
8843.0,torrelavega,cobreces-el tocial
8272.0,torrelavega,cobreces-el tocial
7701.0,torrelavega,cobreces-el tocial
7130.0,torrelavega,cobreces-el tocial
6559.0,torrelavega,cobreces-el tocial
50364.0,asonpasmiera,soba-brenarroman  naturea
56396.0,asonpasmiera,soba-brenarroman  naturea
62428.0,asonpasmiera,soba-brenarroman  naturea
68460.0,asonpasmiera,soba-brenarroman  naturea
74492.0,asonpasmiera,soba-brenarroman  naturea
80524.0,asonpasmiera,soba-brenarroman  naturea
86556.0,asonpasmiera,soba-brenarroman  naturea
92588.0,asonpasmiera,soba-brenarroman  naturea
98620.0,asonpasmiera,soba-brenarroman  naturea
104652.0,asonpasmiera,soba-brenarroman  naturea
16794.099999999977,santandermetro,muriedas
17286.399999999907,santandermetro,muriedas
17778.699999999953,santandermetro,muriedas
18270.999999999884,santandermetro,muriedas
18763.29999999993,santandermetro,muriedas
19255.599999999977,santandermetro,muriedas
19747.899999999907,santandermetro,muriedas
20240.199999999953,santandermetro,muriedas
20732.499999999884,santandermetro,muriedas
21224.79999999993,santandermetro,muriedas
26837.0,santanderurbano,riosapero
27944.0,santanderurbano,riosapero
29051.0,santanderurbano,riosapero
30158.0,santanderurbano,riosapero
31265.0,santanderurbano,riosapero
32372.0,santanderurbano,riosapero
33479.0,santanderurbano,riosapero
34586.0,santanderurbano,riosapero
35693.0,santanderurbano,riosapero
36800.0,santanderurbano,riosapero
8962.900000000023,liebana,pesquera-ventorrillo
8772.200000000012,liebana,pesquera-ventorrillo
8581.500000000058,liebana,pesquera-ventorrillo
8390.800000000047,liebana,pesquera-ventorrillo
8200.100000000035,liebana,pesquera-ventorrillo
8009.400000000023,liebana,pesquera-ventorrillo
7818.700000000012,liebana,pesquera-ventorrillo
7628.000000000058,liebana,pesquera-ventorrillo
7437.300000000047,liebana,pesquera-ventorrillo
7246.600000000035,liebana,pesquera-ventorrillo
17753.0,comarcaeste,guemes
17839.0,comarcaeste,guemes
17925.0,comarcaeste,guemes
18011.0,comarcaeste,guemes
18097.0,comarcaeste,guemes
18183.0,comarcaeste,guemes
18269.0,comarcaeste,guemes
18355.0,comarcaeste,guemes
18441.0,comarcaeste,guemes
18527.0,comarcaeste,guemes
24098.0,asonpasmiera,ramales de la victoria-etap
26518.0,asonpasmiera,ramales de la victoria-etap
28938.0,asonpasmiera,ramales de la victoria-etap
31358.0,asonpasmiera,ramales de la victoria-etap
33778.0,asonpasmiera,ramales de la victoria-etap
36198.0,asonpasmiera,ramales de la victoria-etap
38618.0,asonpasmiera,ramales de la victoria-etap
41038.0,asonpasmiera,ramales de la victoria-etap
43458.0,asonpasmiera,ramales de la victoria-etap
45878.0,asonpasmiera,ramales de la victoria-etap
23673.600000000093,asonpasmiera,vega de pas-aguasal naturea
22665.40000000014,asonpasmiera,vega de pas-aguasal naturea
21657.199999999953,asonpasmiera,vega de pas-aguasal naturea
20649.0,asonpasmiera,vega de pas-aguasal naturea
19640.800000000047,asonpasmiera,vega de pas-aguasal naturea
18632.600000000093,asonpasmiera,vega de pas-aguasal naturea
17624.40000000014,asonpasmiera,vega de pas-aguasal naturea
16616.199999999953,asonpasmiera,vega de pas-aguasal naturea
15608.0,asonpasmiera,vega de pas-aguasal naturea
14599.800000000047,asonpasmiera,vega de pas-aguasal naturea
12477.600000000093,santanderurbano,totero
11949.600000000093,santanderurbano,totero
11421.600000000093,santanderurbano,totero
10893.600000000093,santanderurbano,totero
10365.600000000093,santanderurbano,totero
9837.600000000093,santanderurbano,totero
9309.600000000093,santanderurbano,totero
8781.600000000093,santanderurbano,totero
8253.600000000093,santanderurbano,totero
7725.600000000093,santanderurbano,totero
24426.0,torrelavega,pumalverde
26642.0,torrelavega,pumalverde
28858.0,torrelavega,pumalverde
31074.0,torrelavega,pumalverde
33290.0,torrelavega,pumalverde
35506.0,torrelavega,pumalverde
37722.0,torrelavega,pumalverde
39938.0,torrelavega,pumalverde
42154.0,torrelavega,pumalverde
44370.0,torrelavega,pumalverde
18801.0,vallenansa,lombrana
21324.0,vallenansa,lombrana
23847.0,vallenansa,lombrana
26370.0,vallenansa,lombrana
28893.0,vallenansa,lombrana
31416.0,vallenansa,lombrana
33939.0,vallenansa,lombrana
36462.0,vallenansa,lombrana
38985.0,vallenansa,lombrana
41508.0,vallenansa,lombrana
20671.0,pasypisuena,pisuena
20671.0,pasypisuena,pisuena
20671.0,pasypisuena,pisuena
20671.0,pasypisuena,pisuena
20671.0,pasypisuena,pisuena
20671.0,pasypisuena,pisuena
20671.0,pasypisuena,pisuena
20671.0,pasypisuena,pisuena
20671.0,pasypisuena,pisuena
20671.0,pasypisuena,pisuena
27354.899999999907,liebana,fuente de-teleferico
29364.5,liebana,fuente de-teleferico
31374.099999999627,liebana,fuente de-teleferico
33383.69999999972,liebana,fuente de-teleferico
35393.299999999814,liebana,fuente de-teleferico
37402.89999999991,liebana,fuente de-teleferico
39412.5,liebana,fuente de-teleferico
41422.09999999963,liebana,fuente de-teleferico
43431.69999999972,liebana,fuente de-teleferico
45441.299999999814,liebana,fuente de-teleferico
406.0,liebana,mirador del cable-parque nacional picos de europa
406.0,liebana,mirador del cable-parque nacional picos de europa
406.0,liebana,mirador del cable-parque nacional picos de europa
406.0,liebana,mirador del cable-parque nacional picos de europa
406.0,liebana,mirador del cable-parque nacional picos de europa
406.0,liebana,mirador del cable-parque nacional picos de europa
406.0,liebana,mirador del cable-parque nacional picos de europa
406.0,liebana,mirador del cable-parque nacional picos de europa
406.0,liebana,mirador del cable-parque nacional picos de europa
406.0,liebana,mirador del cable-parque nacional picos de europa
16260.0,torrelavega,torrelavega-sierrapando
16960.0,torrelavega,torrelavega-sierrapando
17660.0,torrelavega,torrelavega-sierrapando
18360.0,torrelavega,torrelavega-sierrapando
19060.0,torrelavega,torrelavega-sierrapando
19760.0,torrelavega,torrelavega-sierrapando
20460.0,torrelavega,torrelavega-sierrapando
21160.0,torrelavega,torrelavega-sierrapando
21860.0,torrelavega,torrelavega-sierrapando
22560.0,torrelavega,torrelavega-sierrapando
12130.0,torrelavega,treceno
12130.0,torrelavega,treceno
12130.0,torrelavega,treceno
12130.0,torrelavega,treceno
12130.0,torrelavega,treceno
12130.0,torrelavega,treceno
12130.0,torrelavega,treceno
12130.0,torrelavega,treceno
12130.0,torrelavega,treceno
12130.0,torrelavega,treceno
